INSERT INTO CLIENT
VALUES ('09cff4d4-59c4-43d0-bf09-4ca4502a2e27', 'Иван', 'Васильевич', 'Егоров', 2737098, 'ivan@mail.ru', 4567123456),
       ('1a7d5cdb-0f84-4940-acfa-146c04885f21','Максим','Александрович','Савельчев',89023756871,'maksim@gmail.com',3609356789),
       ('733d7127-c1df-4ece-84de-552701828e45','Алиса','Михаиловна','Иванова',89372009543,'alisa@gmail.com',3508987654);

INSERT INTO CREDIT
VALUES ('083b5c18-dd91-44f4-9fe6-173641406c0f','Семейный',3000000,16.5),
       ('cf0fbefb-27c0-48d2-bd53-5f33008d7db7','Пенсионный',200000,6.5),
       ('ee5c08a4-d73e-4f4b-b1d6-d222016169f7','Потребительский',500000,12);

INSERT INTO CREDIT_OFFER
VALUES ('03be8ad9-5ff6-4722-8f54-bec19da26f6f','733d7127-c1df-4ece-84de-552701828e45','ee5c08a4-d73e-4f4b-b1d6-d222016169f7',400000,36),
       ('cb92c016-0b43-4789-ae0b-d3cfeb8867b4','09cff4d4-59c4-43d0-bf09-4ca4502a2e27','cf0fbefb-27c0-48d2-bd53-5f33008d7db7',150000,24),
       ('fd5ceb44-0284-4512-a7b0-fe3b35a968b1','1a7d5cdb-0f84-4940-acfa-146c04885f21','083b5c18-dd91-44f4-9fe6-173641406c0f',2500000,60);

INSERT INTO BANK
VALUES ('20d7b9c9-441a-4ebc-bc10-7c13888bc703','733d7127-c1df-4ece-84de-552701828e45','ee5c08a4-d73e-4f4b-b1d6-d222016169f7','03be8ad9-5ff6-4722-8f54-bec19da26f6f'),
       ('575ce605-56e0-4c99-a001-fb6780261c7e','1a7d5cdb-0f84-4940-acfa-146c04885f21','083b5c18-dd91-44f4-9fe6-173641406c0f','fd5ceb44-0284-4512-a7b0-fe3b35a968b1'),
       ('977bfc0b-e237-4aaf-a14a-240f7b7290e2','09cff4d4-59c4-43d0-bf09-4ca4502a2e27','cf0fbefb-27c0-48d2-bd53-5f33008d7db7','cb92c016-0b43-4789-ae0b-d3cfeb8867b4');

INSERT INTO PAYMENT_SCHEDULE VALUES('03a49250-5234-4c36-97aa-96c567c222ce','fd5ceb44-0284-4512-a7b0-fe3b35a968b1','2021-08-27',61461.31E0,27189.01E0,34272.3E0);
INSERT INTO PAYMENT_SCHEDULE VALUES('04cd2742-8cdd-44af-b114-cf3af535c44e','fd5ceb44-0284-4512-a7b0-fe3b35a968b1','2024-07-27',61461.31E0,44616.14E0,16845.17E0);
INSERT INTO PAYMENT_SCHEDULE VALUES('05b1b0a8-7631-4e55-9766-2addaea6aa8e','03be8ad9-5ff6-4722-8f54-bec19da26f6f','2022-08-27',13285.73E0,10623.4E0,2662.33E0);
INSERT INTO PAYMENT_SCHEDULE VALUES('0653cfe0-3510-44ab-87b5-4013f0d0e600','fd5ceb44-0284-4512-a7b0-fe3b35a968b1','2022-09-27',61461.31E0,33619.7E0,27841.61E0);
INSERT INTO PAYMENT_SCHEDULE VALUES('07beaf45-ccac-4995-ac97-78cdb7da9ccd','fd5ceb44-0284-4512-a7b0-fe3b35a968b1','2026-04-27',61461.31E0,59816.52E0,1644.79E0);
INSERT INTO PAYMENT_SCHEDULE VALUES('08b5fb84-75eb-4683-8753-1ad2ab3645b5','cb92c016-0b43-4789-ae0b-d3cfeb8867b4','2023-03-27',6681.94E0,6572.48E0,109.46E0);
INSERT INTO PAYMENT_SCHEDULE VALUES('0a7c2b30-3b48-4d46-8293-968fdab2c720','03be8ad9-5ff6-4722-8f54-bec19da26f6f','2023-01-27',13285.73E0,11177.57E0,2108.16E0);
INSERT INTO PAYMENT_SCHEDULE VALUES('0c7a389c-d311-4dbf-b303-710b73cc63d5','03be8ad9-5ff6-4722-8f54-bec19da26f6f','2024-03-27',13285.73E0,12888.16E0,397.57E0);
INSERT INTO PAYMENT_SCHEDULE VALUES('0dd3a66d-b85f-4e5e-af21-11ac8c91e5c6','fd5ceb44-0284-4512-a7b0-fe3b35a968b1','2026-01-27',61461.31E0,57313.63E0,4147.68E0);
INSERT INTO PAYMENT_SCHEDULE VALUES('0ed94fe5-5d9c-4e9b-b81f-a9a0a3a2ca9b','fd5ceb44-0284-4512-a7b0-fe3b35a968b1','2025-12-27',61461.31E0,56521.55E0,4939.76E0);
INSERT INTO PAYMENT_SCHEDULE VALUES('117d594c-4bb4-44ac-9591-c3a43541adbf','fd5ceb44-0284-4512-a7b0-fe3b35a968b1','2024-10-27',61461.31E0,46520.04E0,14941.27E0);
INSERT INTO PAYMENT_SCHEDULE VALUES('166be2e9-37f8-435e-9c62-d747fee12f8d','03be8ad9-5ff6-4722-8f54-bec19da26f6f','2021-11-27',13285.73E0,9806.62E0,3479.11E0);
INSERT INTO PAYMENT_SCHEDULE VALUES('16bfeeb8-b7f4-42ad-9f62-c6612aab020b','03be8ad9-5ff6-4722-8f54-bec19da26f6f','2022-07-27',13285.73E0,10516.21E0,2769.52E0);
INSERT INTO PAYMENT_SCHEDULE VALUES('17cbc389-c5a2-4122-b0c1-b1c556eaedf9','fd5ceb44-0284-4512-a7b0-fe3b35a968b1','2025-03-27',61461.31E0,49853.58E0,11607.73E0);
INSERT INTO PAYMENT_SCHEDULE VALUES('17f00b5f-1400-49a1-923d-8f865dace19d','fd5ceb44-0284-4512-a7b0-fe3b35a968b1','2021-11-27',61461.31E0,29431.39E0,32029.92E0);
INSERT INTO PAYMENT_SCHEDULE VALUES('1d36e5b4-0422-40ad-9ffa-cc4d13b07c21','cb92c016-0b43-4789-ae0b-d3cfeb8867b4','2022-03-27',6681.94E0,6151.94E0,530.0E0);
INSERT INTO PAYMENT_SCHEDULE VALUES('1d8cb736-b82d-49cb-a1db-3b46e96ec358','fd5ceb44-0284-4512-a7b0-fe3b35a968b1','2023-05-27',61461.31E0,36617.72E0,24843.59E0);
INSERT INTO PAYMENT_SCHEDULE VALUES('1f0a50e4-bcf2-4192-b769-4903d39ff68f','fd5ceb44-0284-4512-a7b0-fe3b35a968b1','2026-03-27',61461.31E0,58935.78E0,2525.53E0);
INSERT INTO PAYMENT_SCHEDULE VALUES('22be1b7e-5a89-4b87-82ad-1ab3455d2669','fd5ceb44-0284-4512-a7b0-fe3b35a968b1','2023-01-27',61461.31E0,34589.39E0,26871.92E0);
INSERT INTO PAYMENT_SCHEDULE VALUES('22f4b9e4-4942-4cfc-a9f5-342b5b461d3a','03be8ad9-5ff6-4722-8f54-bec19da26f6f','2021-06-27',13285.73E0,9340.52E0,3945.21E0);
INSERT INTO PAYMENT_SCHEDULE VALUES('255b8f3d-5665-49fc-aaaa-464da8e5e47b','03be8ad9-5ff6-4722-8f54-bec19da26f6f','2022-11-27',13285.73E0,11027.67E0,2258.06E0);
INSERT INTO PAYMENT_SCHEDULE VALUES('2954128e-580f-40f3-9043-28be2ca21016','fd5ceb44-0284-4512-a7b0-fe3b35a968b1','2023-02-27',61461.31E0,37627.72E0,23833.59E0);
INSERT INTO PAYMENT_SCHEDULE VALUES('30c4967c-3787-476e-a425-8adcb1c98aa9','03be8ad9-5ff6-4722-8f54-bec19da26f6f','2021-09-27',13285.73E0,9617.14E0,3668.59E0);
INSERT INTO PAYMENT_SCHEDULE VALUES('30cc655d-bddb-403f-b7e8-47ad12967984','fd5ceb44-0284-4512-a7b0-fe3b35a968b1','2024-09-27',61461.31E0,46374.81E0,15086.5E0);
INSERT INTO PAYMENT_SCHEDULE VALUES('33d52fde-f440-4d49-a8c8-e08d4973f92c','cb92c016-0b43-4789-ae0b-d3cfeb8867b4','2023-02-27',6681.94E0,6550.41E0,131.53E0);
INSERT INTO PAYMENT_SCHEDULE VALUES('3466125a-3872-4d02-8c19-9fe8ed1ccef6','fd5ceb44-0284-4512-a7b0-fe3b35a968b1','2024-01-27',61461.31E0,41018.68E0,20442.63E0);
INSERT INTO PAYMENT_SCHEDULE VALUES('37d266e9-b098-4c91-a083-899c544a029d','03be8ad9-5ff6-4722-8f54-bec19da26f6f','2023-04-27',13285.73E0,11581.62E0,1704.11E0);
INSERT INTO PAYMENT_SCHEDULE VALUES('3bcf98ab-1a88-4af0-8bec-7eec3e330824','03be8ad9-5ff6-4722-8f54-bec19da26f6f','2022-02-27',13285.73E0,10310.02E0,2975.71E0);
INSERT INTO PAYMENT_SCHEDULE VALUES('3e192975-7a4c-497d-aeaa-ae0a2fbf2669','cb92c016-0b43-4789-ae0b-d3cfeb8867b4','2021-11-27',6681.94E0,6038.96E0,642.98E0);
INSERT INTO PAYMENT_SCHEDULE VALUES('3faff3b7-b1bf-4e7b-aace-774faf7473a0','fd5ceb44-0284-4512-a7b0-fe3b35a968b1','2023-09-27',61461.31E0,39458.64E0,22002.67E0);
INSERT INTO PAYMENT_SCHEDULE VALUES('407de9c3-02ba-4432-850e-2153d0c1f764','cb92c016-0b43-4789-ae0b-d3cfeb8867b4','2022-08-27',6681.94E0,6323.82E0,358.12E0);
INSERT INTO PAYMENT_SCHEDULE VALUES('44df18ad-4266-49d7-b8bc-f7c2d5be4fe7','cb92c016-0b43-4789-ae0b-d3cfeb8867b4','2021-10-27',6681.94E0,5984.49E0,697.45E0);
INSERT INTO PAYMENT_SCHEDULE VALUES('4655ed86-a4e6-49e8-a0db-f21bf5a9ed05','fd5ceb44-0284-4512-a7b0-fe3b35a968b1','2022-06-27',61461.31E0,32313.05E0,29148.26E0);
INSERT INTO PAYMENT_SCHEDULE VALUES('4945fd24-ae1b-49af-ab36-8f66ca2410c9','fd5ceb44-0284-4512-a7b0-fe3b35a968b1','2025-11-27',61461.31E0,55922.49E0,5538.82E0);
INSERT INTO PAYMENT_SCHEDULE VALUES('4ef54ab9-cfe2-49e9-b68b-9b1d530a7e87','fd5ceb44-0284-4512-a7b0-fe3b35a968b1','2021-09-27',61461.31E0,28663.31E0,32798.0E0);
INSERT INTO PAYMENT_SCHEDULE VALUES('4f7f379a-5f54-4ffa-844a-4a7b9fce7daa','03be8ad9-5ff6-4722-8f54-bec19da26f6f','2022-05-27',13285.73E0,10304.15E0,2981.58E0);
INSERT INTO PAYMENT_SCHEDULE VALUES('5135da94-7f0a-4eac-9ed6-273f0fbe80a6','fd5ceb44-0284-4512-a7b0-fe3b35a968b1','2025-01-27',61461.31E0,48468.9E0,12992.41E0);
INSERT INTO PAYMENT_SCHEDULE VALUES('515dff32-9a67-4a62-a745-a8799c2c9605','fd5ceb44-0284-4512-a7b0-fe3b35a968b1','2024-08-27',61461.31E0,45239.68E0,16221.63E0);
INSERT INTO PAYMENT_SCHEDULE VALUES('548ee9f2-424f-4fdb-a50e-044c2cef506d','03be8ad9-5ff6-4722-8f54-bec19da26f6f','2023-11-27',13285.73E0,12403.55E0,882.18E0);
INSERT INTO PAYMENT_SCHEDULE VALUES('57645ec8-6bf6-4374-ad94-7ac5d5ff2328','03be8ad9-5ff6-4722-8f54-bec19da26f6f','2023-05-27',13285.73E0,11642.86E0,1642.87E0);
INSERT INTO PAYMENT_SCHEDULE VALUES('58d07bce-17f3-4731-9462-5a0d94e6ce47','fd5ceb44-0284-4512-a7b0-fe3b35a968b1','2024-02-27',61461.31E0,42873.83E0,18587.48E0);
INSERT INTO PAYMENT_SCHEDULE VALUES('5a0fac2e-cd5c-4e46-afd1-037f58ee206b','fd5ceb44-0284-4512-a7b0-fe3b35a968b1','2023-12-27',61461.31E0,40396.56E0,21064.75E0);
INSERT INTO PAYMENT_SCHEDULE VALUES('5e58611e-98e0-43ab-8441-8a421134adab','cb92c016-0b43-4789-ae0b-d3cfeb8867b4','2022-04-27',6681.94E0,6201.9E0,480.04E0);
INSERT INTO PAYMENT_SCHEDULE VALUES('5ed60127-7b2e-44e9-95b2-b2b8d892dc64','fd5ceb44-0284-4512-a7b0-fe3b35a968b1','2023-03-27',61461.31E0,35601.43E0,25859.88E0);
INSERT INTO PAYMENT_SCHEDULE VALUES('5ed7f1b6-0c11-42fd-b19f-8ae9d108c348','fd5ceb44-0284-4512-a7b0-fe3b35a968b1','2021-07-27',61461.31E0,26813.25E0,34648.06E0);
INSERT INTO PAYMENT_SCHEDULE VALUES('610e0951-1b6c-44d2-b273-06e44bcccfb0','03be8ad9-5ff6-4722-8f54-bec19da26f6f','2023-09-27',13285.73E0,12162.76E0,1122.97E0);
INSERT INTO PAYMENT_SCHEDULE VALUES('64066925-c4b4-4356-95ea-52ffa3d012aa','fd5ceb44-0284-4512-a7b0-fe3b35a968b1','2024-03-27',61461.31E0,42191.12E0,19270.19E0);
INSERT INTO PAYMENT_SCHEDULE VALUES('64b550c0-1047-4246-9f5d-6232d7ef7113','fd5ceb44-0284-4512-a7b0-fe3b35a968b1','2023-06-27',61461.31E0,37915.73E0,23545.58E0);
INSERT INTO PAYMENT_SCHEDULE VALUES('673978fb-6e00-4a97-89bd-1cedb9406fff','fd5ceb44-0284-4512-a7b0-fe3b35a968b1','2022-10-27',61461.31E0,33162.78E0,28298.53E0);
INSERT INTO PAYMENT_SCHEDULE VALUES('6b7ce6b2-fc9f-438e-bfd8-3e9d04c1e827','03be8ad9-5ff6-4722-8f54-bec19da26f6f','2021-10-27',13285.73E0,9592.88E0,3692.85E0);
INSERT INTO PAYMENT_SCHEDULE VALUES('6c715185-ba2e-4fa1-adaf-78f50d56a3b0','cb92c016-0b43-4789-ae0b-d3cfeb8867b4','2022-01-27',6681.94E0,6084.27E0,597.67E0);
INSERT INTO PAYMENT_SCHEDULE VALUES('6ed9211f-b191-4081-81f4-fc2e9e05af34','fd5ceb44-0284-4512-a7b0-fe3b35a968b1','2023-11-27',61461.31E0,40526.45E0,20934.86E0);
INSERT INTO PAYMENT_SCHEDULE VALUES('6f1e6348-e770-4d2c-9ece-d947550d27f2','cb92c016-0b43-4789-ae0b-d3cfeb8867b4','2021-07-27',6681.94E0,5886.32E0,795.62E0);
INSERT INTO PAYMENT_SCHEDULE VALUES('6fef9114-1ef5-4001-ab0b-2a116471e090','cb92c016-0b43-4789-ae0b-d3cfeb8867b4','2022-09-27',6681.94E0,6369.15E0,312.79E0);
INSERT INTO PAYMENT_SCHEDULE VALUES('717e1bfd-b5f3-49c4-a92d-72b8e88e733d','fd5ceb44-0284-4512-a7b0-fe3b35a968b1','2025-08-27',61461.31E0,53455.55E0,8005.76E0);
INSERT INTO PAYMENT_SCHEDULE VALUES('7387e03f-ef88-4c3a-b2e3-11e5e96c28d4','cb92c016-0b43-4789-ae0b-d3cfeb8867b4','2021-08-27',6681.94E0,5918.82E0,763.12E0);
INSERT INTO PAYMENT_SCHEDULE VALUES('73a5422f-29ac-48d9-9333-52c749b6a025','03be8ad9-5ff6-4722-8f54-bec19da26f6f','2023-06-27',13285.73E0,11810.69E0,1475.04E0);
INSERT INTO PAYMENT_SCHEDULE VALUES('78a88e04-5029-4db8-afb3-02e6e44b81b0','03be8ad9-5ff6-4722-8f54-bec19da26f6f','2023-12-27',13285.73E0,12500.56E0,785.17E0);
INSERT INTO PAYMENT_SCHEDULE VALUES('79fa95e5-0677-48f8-827b-11187f3057ef','fd5ceb44-0284-4512-a7b0-fe3b35a968b1','2023-10-27',61461.31E0,39278.18E0,22183.13E0);
INSERT INTO PAYMENT_SCHEDULE VALUES('7f15773d-372f-432c-8ca1-fd220f76ddc9','fd5ceb44-0284-4512-a7b0-fe3b35a968b1','2025-04-27',61461.31E0,50904.12E0,10557.19E0);
INSERT INTO PAYMENT_SCHEDULE VALUES('7fc8a521-b0d7-448d-84ad-475403ef7b04','03be8ad9-5ff6-4722-8f54-bec19da26f6f','2023-08-27',13285.73E0,12003.0E0,1282.73E0);
INSERT INTO PAYMENT_SCHEDULE VALUES('82fc0266-740c-4ec5-ae08-4881ed908183','cb92c016-0b43-4789-ae0b-d3cfeb8867b4','2022-12-27',6681.94E0,6464.73E0,217.21E0);
INSERT INTO PAYMENT_SCHEDULE VALUES('84f10d00-ae8f-4b28-9338-ec22e8e8e0cb','03be8ad9-5ff6-4722-8f54-bec19da26f6f','2023-10-27',13285.73E0,12249.29E0,1036.44E0);
INSERT INTO PAYMENT_SCHEDULE VALUES('88e44d11-7ebe-401e-a60f-5e054481e93d','fd5ceb44-0284-4512-a7b0-fe3b35a968b1','2025-09-27',61461.31E0,54438.75E0,7022.56E0);
INSERT INTO PAYMENT_SCHEDULE VALUES('8c52fabe-0e65-4397-8c21-383e3141eafc','03be8ad9-5ff6-4722-8f54-bec19da26f6f','2023-07-27',13285.73E0,11881.9E0,1403.83E0);
INSERT INTO PAYMENT_SCHEDULE VALUES('8dae3c45-dac4-48d6-9c34-db25c32bedfa','fd5ceb44-0284-4512-a7b0-fe3b35a968b1','2026-02-27',61461.31E0,58440.47E0,3020.84E0);
INSERT INTO PAYMENT_SCHEDULE VALUES('8efde062-e376-48d1-8631-9d358119acf5','cb92c016-0b43-4789-ae0b-d3cfeb8867b4','2022-05-27',6681.94E0,6220.14E0,461.8E0);
INSERT INTO PAYMENT_SCHEDULE VALUES('94b33818-cb9b-433e-acd6-127f1e516543','fd5ceb44-0284-4512-a7b0-fe3b35a968b1','2022-05-27',61461.31E0,30908.29E0,30553.02E0);
INSERT INTO PAYMENT_SCHEDULE VALUES('952de7d5-18cf-42af-8533-4fb45fc5a31d','cb92c016-0b43-4789-ae0b-d3cfeb8867b4','2022-06-27',6681.94E0,6268.27E0,413.67E0);
INSERT INTO PAYMENT_SCHEDULE VALUES('964b131d-68b1-44a8-910e-7abbd05b49ce','cb92c016-0b43-4789-ae0b-d3cfeb8867b4','2023-01-27',6681.94E0,6500.42E0,181.52E0);
INSERT INTO PAYMENT_SCHEDULE VALUES('96676f30-0f3a-4b30-8f1b-7064d112d051','fd5ceb44-0284-4512-a7b0-fe3b35a968b1','2022-08-27',61461.31E0,32239.84E0,29221.47E0);
INSERT INTO PAYMENT_SCHEDULE VALUES('96f762ea-2db8-455a-a212-5753f21fa67b','03be8ad9-5ff6-4722-8f54-bec19da26f6f','2024-04-27',13285.73E0,13027.76E0,257.97E0);
INSERT INTO PAYMENT_SCHEDULE VALUES('9962717d-685a-4b38-bf0b-300c2b5710fe','fd5ceb44-0284-4512-a7b0-fe3b35a968b1','2025-05-27',61461.31E0,51265.58E0,10195.73E0);
INSERT INTO PAYMENT_SCHEDULE VALUES('9b24a56d-d4a8-4c8f-a251-8c9e5477d15d','fd5ceb44-0284-4512-a7b0-fe3b35a968b1','2026-05-27',61461.31E0,60599.95E0,861.36E0);
INSERT INTO PAYMENT_SCHEDULE VALUES('9be6cb75-9aa7-48d1-a451-b00d907b2861','cb92c016-0b43-4789-ae0b-d3cfeb8867b4','2022-02-27',6681.94E0,6172.45E0,509.49E0);
INSERT INTO PAYMENT_SCHEDULE VALUES('9e8eaa17-87cf-424c-b0c3-0690bc2b5b53','fd5ceb44-0284-4512-a7b0-fe3b35a968b1','2021-12-27',61461.31E0,28776.17E0,32685.14E0);
INSERT INTO PAYMENT_SCHEDULE VALUES('9f984565-2a64-448d-bc3a-c35d777421a3','fd5ceb44-0284-4512-a7b0-fe3b35a968b1','2022-02-27',61461.31E0,32672.84E0,28788.47E0);
INSERT INTO PAYMENT_SCHEDULE VALUES('a3aaaa8c-7400-46b1-90a2-f81e0f927c10','fd5ceb44-0284-4512-a7b0-fe3b35a968b1','2022-04-27',61461.31E0,31467.11E0,29994.2E0);
INSERT INTO PAYMENT_SCHEDULE VALUES('a3e21304-991f-45b9-866c-0cc57cff0475','cb92c016-0b43-4789-ae0b-d3cfeb8867b4','2023-04-27',6681.94E0,6611.13E0,70.81E0);
INSERT INTO PAYMENT_SCHEDULE VALUES('a4592f12-2c6f-4373-8214-fd6b274b909a','03be8ad9-5ff6-4722-8f54-bec19da26f6f','2024-01-27',13285.73E0,12629.77E0,655.96E0);
INSERT INTO PAYMENT_SCHEDULE VALUES('a630ff18-7a5c-42ae-b28b-4e8688861af6','fd5ceb44-0284-4512-a7b0-fe3b35a968b1','2024-12-27',61461.31E0,47835.87E0,13625.44E0);
INSERT INTO PAYMENT_SCHEDULE VALUES('a9d62cdf-939b-4e8c-bb7b-dd0350fa8fa0','03be8ad9-5ff6-4722-8f54-bec19da26f6f','2023-02-27',13285.73E0,11484.48E0,1801.25E0);
INSERT INTO PAYMENT_SCHEDULE VALUES('ab67529e-487c-415a-8538-cc96e3e83030','cb92c016-0b43-4789-ae0b-d3cfeb8867b4','2022-11-27',6681.94E0,6437.35E0,244.59E0);
INSERT INTO PAYMENT_SCHEDULE VALUES('af6378c4-41da-4db4-a7fb-9c7696a53624','03be8ad9-5ff6-4722-8f54-bec19da26f6f','2022-10-27',13285.73E0,10841.9E0,2443.83E0);
INSERT INTO PAYMENT_SCHEDULE VALUES('afe3c737-b0a0-4abe-a36f-5dafa3c322af','03be8ad9-5ff6-4722-8f54-bec19da26f6f','2024-05-27',13285.73E0,13151.58E0,134.15E0);
INSERT INTO PAYMENT_SCHEDULE VALUES('b1f4f5e4-dc4f-4504-868b-26755797b7bc','03be8ad9-5ff6-4722-8f54-bec19da26f6f','2022-04-27',13285.73E0,10298.75E0,2986.98E0);
INSERT INTO PAYMENT_SCHEDULE VALUES('b46d3ce4-9c0b-4b64-b83c-365f68ec9ad2','fd5ceb44-0284-4512-a7b0-fe3b35a968b1','2024-04-27',61461.31E0,43383.36E0,18077.95E0);
INSERT INTO PAYMENT_SCHEDULE VALUES('b6aa702d-c29c-43b8-bbdc-ec37b2cd1451','cb92c016-0b43-4789-ae0b-d3cfeb8867b4','2021-06-27',6681.94E0,5880.57E0,801.37E0);
INSERT INTO PAYMENT_SCHEDULE VALUES('ba28f17b-2489-4b32-883e-34ec3209566d','fd5ceb44-0284-4512-a7b0-fe3b35a968b1','2024-06-27',61461.31E0,44556.92E0,16904.39E0);
INSERT INTO PAYMENT_SCHEDULE VALUES('ba3e2da5-0aa8-42ce-b299-4f57d8a080ba','03be8ad9-5ff6-4722-8f54-bec19da26f6f','2022-03-27',13285.73E0,10096.28E0,3189.45E0);
INSERT INTO PAYMENT_SCHEDULE VALUES('bd0f24ff-5918-45d3-a806-4e0d8ac08497','fd5ceb44-0284-4512-a7b0-fe3b35a968b1','2025-06-27',61461.31E0,52289.73E0,9171.58E0);
INSERT INTO PAYMENT_SCHEDULE VALUES('c22bf8b5-897b-43c6-972f-10c9cbf8da60','03be8ad9-5ff6-4722-8f54-bec19da26f6f','2021-08-27',13285.73E0,9399.05E0,3886.68E0);
INSERT INTO PAYMENT_SCHEDULE VALUES('c67c789b-417b-488b-9afa-cf86120edcc0','fd5ceb44-0284-4512-a7b0-fe3b35a968b1','2025-10-27',61461.31E0,54967.55E0,6493.76E0);
INSERT INTO PAYMENT_SCHEDULE VALUES('c6c06a76-6d89-4460-932a-beb37d818530','fd5ceb44-0284-4512-a7b0-fe3b35a968b1','2022-01-27',61461.31E0,29179.45E0,32281.86E0);
INSERT INTO PAYMENT_SCHEDULE VALUES('ce2c36f8-47cf-4a2f-abdb-34b5b267a2c7','fd5ceb44-0284-4512-a7b0-fe3b35a968b1','2023-08-27',61461.31E0,38190.02E0,23271.29E0);
INSERT INTO PAYMENT_SCHEDULE VALUES('d2019642-920b-4839-a730-99bca848ae2e','cb92c016-0b43-4789-ae0b-d3cfeb8867b4','2021-12-27',6681.94E0,6050.86E0,631.08E0);
INSERT INTO PAYMENT_SCHEDULE VALUES('d30bc372-d2f1-4daa-8c08-1f80e3396609','03be8ad9-5ff6-4722-8f54-bec19da26f6f','2021-12-27',13285.73E0,9790.6E0,3495.13E0);
INSERT INTO PAYMENT_SCHEDULE VALUES('d5f14931-7fc2-488d-8864-8e055980388f','03be8ad9-5ff6-4722-8f54-bec19da26f6f','2022-09-27',13285.73E0,10814.06E0,2471.67E0);
INSERT INTO PAYMENT_SCHEDULE VALUES('d6f40c95-eabc-45ea-8b7a-76c5420b1b3c','fd5ceb44-0284-4512-a7b0-fe3b35a968b1','2024-05-27',61461.31E0,43387.08E0,18074.23E0);
INSERT INTO PAYMENT_SCHEDULE VALUES('d761f831-bed0-4fc1-bf08-eb42026b02b9','03be8ad9-5ff6-4722-8f54-bec19da26f6f','2022-01-27',13285.73E0,9890.38E0,3395.35E0);
INSERT INTO PAYMENT_SCHEDULE VALUES('da40668f-7aa7-423b-bf83-87c1d9aed984','03be8ad9-5ff6-4722-8f54-bec19da26f6f','2024-02-27',13285.73E0,12792.17E0,493.56E0);
INSERT INTO PAYMENT_SCHEDULE VALUES('da98805e-1562-4cb4-81c7-01b609e967ff','fd5ceb44-0284-4512-a7b0-fe3b35a968b1','2023-04-27',61461.31E0,36918.45E0,24542.86E0);
INSERT INTO PAYMENT_SCHEDULE VALUES('db622fee-ec89-4028-b703-842cf89f9a66','cb92c016-0b43-4789-ae0b-d3cfeb8867b4','2022-07-27',6681.94E0,6289.09E0,392.85E0);
INSERT INTO PAYMENT_SCHEDULE VALUES('dc9b3065-64f6-4f2b-8ecb-5bf01f90a696','03be8ad9-5ff6-4722-8f54-bec19da26f6f','2023-03-27',13285.73E0,11408.54E0,1877.19E0);
INSERT INTO PAYMENT_SCHEDULE VALUES('ddba3633-45d7-429f-8768-7960fbb5fdf4','fd5ceb44-0284-4512-a7b0-fe3b35a968b1','2022-11-27',61461.31E0,34525.39E0,26935.92E0);
INSERT INTO PAYMENT_SCHEDULE VALUES('e325ac33-5061-4ceb-9a75-dfa47d3d786e','fd5ceb44-0284-4512-a7b0-fe3b35a968b1','2021-10-27',61461.31E0,27971.73E0,33489.58E0);
INSERT INTO PAYMENT_SCHEDULE VALUES('e43c7e01-0726-4ad9-85d7-fd096cccb355','03be8ad9-5ff6-4722-8f54-bec19da26f6f','2022-06-27',13285.73E0,10501.97E0,2783.76E0);
INSERT INTO PAYMENT_SCHEDULE VALUES('e6339720-a365-4a7a-93ad-1e41e2251009','fd5ceb44-0284-4512-a7b0-fe3b35a968b1','2024-11-27',61461.31E0,47631.19E0,13830.12E0);
INSERT INTO PAYMENT_SCHEDULE VALUES('e9219ed3-eeb6-473f-99de-6c61dfb06174','cb92c016-0b43-4789-ae0b-d3cfeb8867b4','2021-09-27',6681.94E0,5975.06E0,706.88E0);
INSERT INTO PAYMENT_SCHEDULE VALUES('ec4fe860-15ed-45d8-a46b-1ad533e343cf','fd5ceb44-0284-4512-a7b0-fe3b35a968b1','2021-06-27',61461.31E0,27557.2E0,33904.11E0);
INSERT INTO PAYMENT_SCHEDULE VALUES('ed2bbe74-073c-4338-bbf4-c26db8122628','fd5ceb44-0284-4512-a7b0-fe3b35a968b1','2025-07-27',61461.31E0,52716.79E0,8744.52E0);
INSERT INTO PAYMENT_SCHEDULE VALUES('ee32fa86-90ac-4626-969f-ca9444bdd121','fd5ceb44-0284-4512-a7b0-fe3b35a968b1','2022-07-27',61461.31E0,31794.28E0,29667.03E0);
INSERT INTO PAYMENT_SCHEDULE VALUES('efab8df5-1698-4938-a8a0-f7df1983c007','03be8ad9-5ff6-4722-8f54-bec19da26f6f','2022-12-27',13285.73E0,11064.79E0,2220.94E0);
INSERT INTO PAYMENT_SCHEDULE VALUES('f39a45d3-69d9-4d85-b57a-4098fdb86dfc','cb92c016-0b43-4789-ae0b-d3cfeb8867b4','2022-10-27',6681.94E0,6393.89E0,288.05E0);
INSERT INTO PAYMENT_SCHEDULE VALUES('f6f31cb9-87a5-47ee-a2eb-85f3e2c5a35f','fd5ceb44-0284-4512-a7b0-fe3b35a968b1','2022-12-27',61461.31E0,34111.36E0,27349.95E0);
INSERT INTO PAYMENT_SCHEDULE VALUES('f7da867c-780c-4637-aaa7-b21cacece80a','fd5ceb44-0284-4512-a7b0-fe3b35a968b1','2025-02-27',61461.31E0,50339.72E0,11121.59E0);
INSERT INTO PAYMENT_SCHEDULE VALUES('fa9aa776-5d34-4433-baa9-86a4ea504d30','cb92c016-0b43-4789-ae0b-d3cfeb8867b4','2023-05-27',6681.94E0,6645.27E0,36.67E0);
INSERT INTO PAYMENT_SCHEDULE VALUES('fc284a10-6401-40ae-a6c9-3a750a664348','fd5ceb44-0284-4512-a7b0-fe3b35a968b1','2022-03-27',61461.31E0,30046.24E0,31415.07E0);
INSERT INTO PAYMENT_SCHEDULE VALUES('fc8f766f-1f9d-4e24-a616-b2fbd080356f','03be8ad9-5ff6-4722-8f54-bec19da26f6f','2021-07-27',13285.73E0,9304.21E0,3981.52E0);
INSERT INTO PAYMENT_SCHEDULE VALUES('fed037c1-8a87-4a9b-b9b7-1fc0f7313a3a','fd5ceb44-0284-4512-a7b0-fe3b35a968b1','2023-07-27',61461.31E0,37662.22E0,23799.09E0);
